"No.","Time","Source","Destination","Protocol","Length","Info"
"1","0.000000000","162.125.6.20","192.168.1.128","TCP","66","443  >  35582 [ACK] Seq=1 Ack=1 Win=130 Len=0 TSval=3001461114 TSecr=3445589638"
"2","0.000034992","192.168.1.128","162.125.6.20","TLSv1.2","488","Application Data"
"3","0.020854729","192.168.1.128","192.168.1.240","TLSv1.2","176","Application Data"
"4","0.022998523","192.168.1.240","192.168.1.128","TLSv1.2","176","Application Data"
"5","0.023023027","192.168.1.128","192.168.1.240","TCP","66","48946  >  32029 [ACK] Seq=111 Ack=111 Win=501 Len=0 TSval=1124284544 TSecr=2992495063"
"6","0.031246350","162.125.80.18","192.168.1.128","TCP","74","443  >  46660 [SYN, ACK] Seq=0 Ack=1 Win=65535 Len=0 MSS=1440 SACK_PERM=1 TSval=2534728062 TSecr=3882282103 WS=512"
"7","0.031288735","192.168.1.128","162.125.80.18","TCP","66","46660  >  443 [ACK] Seq=1 Ack=1 Win=502 Len=0 TSval=3882282229 TSecr=2534728062"
"8","0.031378737","192.168.1.128","162.125.80.18","TCP","66","46660  >  443 [FIN, ACK] Seq=1 Ack=1 Win=502 Len=0 TSval=3882282229 TSecr=2534728062"
"9","0.031966160","192.168.1.128","192.168.1.9","DNS","97","Standard query 0x3adc A netmon-control.dropbox.com OPT"
"10","0.032033721","192.168.1.128","192.168.1.9","DNS","97","Standard query 0xdbc0 AAAA netmon-control.dropbox.com OPT"
"11","0.034913179","192.168.1.9","192.168.1.128","DNS","97","Standard query response 0x3adc No such name A netmon-control.dropbox.com OPT"
"12","0.035000470","192.168.1.128","192.168.1.9","DNS","86","Standard query 0x3adc A netmon-control.dropbox.com"
"13","0.040980613","192.168.1.9","192.168.1.128","DNS","97","Standard query response 0xdbc0 No such name AAAA netmon-control.dropbox.com OPT"
"14","0.040980660","192.168.1.9","192.168.1.128","DNS","86","Standard query response 0x3adc No such name A netmon-control.dropbox.com"
"15","0.041071734","192.168.1.128","192.168.1.9","DNS","86","Standard query 0xdbc0 AAAA netmon-control.dropbox.com"
"16","0.044003689","192.168.1.9","192.168.1.128","DNS","86","Standard query response 0xdbc0 No such name AAAA netmon-control.dropbox.com"
"17","0.044277533","192.168.1.128","192.168.1.9","DNS","102","Standard query 0xb4dd A netmon-control.dropbox.com.ubnt OPT"
"18","0.044333685","192.168.1.128","192.168.1.9","DNS","102","Standard query 0xa9d7 AAAA netmon-control.dropbox.com.ubnt OPT"
"19","0.045525584","192.168.1.9","192.168.1.128","DNS","102","Standard query response 0xb4dd No such name A netmon-control.dropbox.com.ubnt OPT"
"20","0.045601145","192.168.1.128","192.168.1.9","DNS","91","Standard query 0xb4dd A netmon-control.dropbox.com.ubnt"
"21","0.045873450","192.168.1.9","192.168.1.128","DNS","102","Standard query response 0xa9d7 No such name AAAA netmon-control.dropbox.com.ubnt OPT"
"22","0.045941194","192.168.1.128","192.168.1.9","DNS","91","Standard query 0xa9d7 AAAA netmon-control.dropbox.com.ubnt"
"23","0.049145683","192.168.1.9","192.168.1.128","DNS","91","Standard query response 0xb4dd No such name A netmon-control.dropbox.com.ubnt"
"24","0.049526463","192.168.1.9","192.168.1.128","DNS","91","Standard query response 0xa9d7 No such name AAAA netmon-control.dropbox.com.ubnt"
"25","0.050103013","192.168.1.128","162.125.3.18","TCP","74","50658  >  443 [SYN] Seq=0 Win=64240 Len=0 MSS=1460 SACK_PERM=1 TSval=3357689253 TSecr=0 WS=128"
"26","0.058970818","162.125.69.18","192.168.1.128","TCP","66","443  >  58434 [FIN, ACK] Seq=1 Ack=1 Win=128 Len=0 TSval=295150381 TSecr=932368444"
"27","0.059004272","192.168.1.128","162.125.69.18","TCP","66","58434  >  443 [ACK] Seq=1 Ack=2 Win=502 Len=0 TSval=932368614 TSecr=295150381"
"28","0.064995533","162.125.6.20","192.168.1.128","TCP","66","443  >  35582 [ACK] Seq=1 Ack=423 Win=130 Len=0 TSval=3001461179 TSecr=3445589745"
"29","0.065021826","192.168.1.128","162.125.6.20","TLSv1.2","624","Application Data, Application Data"
"30","0.074458810","162.125.6.20","192.168.1.128","TLSv1.2","168","Application Data"
"31","0.074502573","192.168.1.128","162.125.6.20","TCP","66","35582  >  443 [ACK] Seq=981 Ack=103 Win=618 Len=0 TSval=3445589820 TSecr=3001461188"
"32","0.099014539","162.125.3.18","192.168.1.128","TCP","74","443  >  50658 [SYN, ACK] Seq=0 Ack=1 Win=65535 Len=0 MSS=1440 SACK_PERM=1 TSval=154832202 TSecr=3357689253 WS=512"
"33","0.099064468","192.168.1.128","162.125.3.18","TCP","66","50658  >  443 [ACK] Seq=1 Ack=1 Win=64256 Len=0 TSval=3357689302 TSecr=154832202"
"34","0.099118578","192.168.1.128","162.125.3.18","TCP","66","50658  >  443 [FIN, ACK] Seq=1 Ack=1 Win=64256 Len=0 TSval=3357689302 TSecr=154832202"
"35","0.099678718","192.168.1.128","192.168.1.9","DNS","97","Standard query 0x2dc0 A netmon-control.dropbox.com OPT"
"36","0.099783199","192.168.1.128","192.168.1.9","DNS","97","Standard query 0xe1d8 AAAA netmon-control.dropbox.com OPT"
"37","0.100975716","192.168.1.9","192.168.1.128","DNS","97","Standard query response 0x2dc0 No such name A netmon-control.dropbox.com OPT"
"38","0.101061521","192.168.1.128","192.168.1.9","DNS","86","Standard query 0x2dc0 A netmon-control.dropbox.com"
"39","0.101323611","192.168.1.9","192.168.1.128","DNS","97","Standard query response 0xe1d8 No such name AAAA netmon-control.dropbox.com OPT"
"40","0.101362258","192.168.1.128","192.168.1.9","DNS","86","Standard query 0xe1d8 AAAA netmon-control.dropbox.com"
"41","0.102286458","192.168.1.9","192.168.1.128","DNS","86","Standard query response 0x2dc0 No such name A netmon-control.dropbox.com"
"42","0.102764876","192.168.1.9","192.168.1.128","DNS","86","Standard query response 0xe1d8 No such name AAAA netmon-control.dropbox.com"
"43","0.103000748","192.168.1.128","192.168.1.9","DNS","102","Standard query 0x2de7 A netmon-control.dropbox.com.ubnt OPT"
"44","0.103058667","192.168.1.128","192.168.1.9","DNS","102","Standard query 0xbb4c AAAA netmon-control.dropbox.com.ubnt OPT"
"45","0.105617590","192.168.1.9","192.168.1.128","DNS","102","Standard query response 0x2de7 No such name A netmon-control.dropbox.com.ubnt OPT"
"46","0.105689739","192.168.1.128","192.168.1.9","DNS","91","Standard query 0x2de7 A netmon-control.dropbox.com.ubnt"
"47","0.105917756","192.168.1.9","192.168.1.128","DNS","102","Standard query response 0xbb4c No such name AAAA netmon-control.dropbox.com.ubnt OPT"
"48","0.105982247","192.168.1.128","192.168.1.9","DNS","91","Standard query 0xbb4c AAAA netmon-control.dropbox.com.ubnt"
"49","0.108826516","192.168.1.9","192.168.1.128","DNS","91","Standard query response 0x2de7 No such name A netmon-control.dropbox.com.ubnt"
"50","0.109327813","192.168.1.9","192.168.1.128","DNS","91","Standard query response 0xbb4c No such name AAAA netmon-control.dropbox.com.ubnt"
"51","0.109897559","192.168.1.128","162.125.71.18","TCP","74","51308  >  443 [SYN] Seq=0 Win=64240 Len=0 MSS=1460 SACK_PERM=1 TSval=3812560343 TSecr=0 WS=128"
"52","0.130556387","162.125.6.20","192.168.1.128","TCP","66","443  >  35582 [ACK] Seq=103 Ack=981 Win=130 Len=0 TSval=3001461244 TSecr=3445589810"
"53","0.130580681","192.168.1.128","162.125.6.20","TLSv1.2","619","Application Data, Application Data"
"54","0.138968603","162.125.6.20","192.168.1.128","TLSv1.2","168","Application Data"
"55","0.139040493","192.168.1.128","162.125.6.20","TCP","66","35582  >  443 [ACK] Seq=1534 Ack=205 Win=618 Len=0 TSval=3445589884 TSecr=3001461253"
"56","0.141977221","162.125.3.18","192.168.1.128","TCP","66","443  >  50658 [FIN, ACK] Seq=1 Ack=2 Win=65536 Len=0 TSval=154832246 TSecr=3357689302"
"57","0.142000337","192.168.1.128","162.125.3.18","TCP","66","50658  >  443 [ACK] Seq=2 Ack=2 Win=64256 Len=0 TSval=3357689345 TSecr=154832246"
"58","0.159377784","162.125.80.18","192.168.1.128","TCP","66","443  >  46660 [FIN, ACK] Seq=1 Ack=2 Win=65536 Len=0 TSval=2534728188 TSecr=3882282229"
"59","0.159419817","192.168.1.128","162.125.80.18","TCP","66","46660  >  443 [ACK] Seq=2 Ack=2 Win=502 Len=0 TSval=3882282357 TSecr=2534728188"
"60","0.196456267","162.125.6.20","192.168.1.128","TCP","66","443  >  35582 [ACK] Seq=205 Ack=1534 Win=130 Len=0 TSval=3001461309 TSecr=3445589876"
"61","0.203314793","162.125.6.20","192.168.1.128","TLSv1.2","169","Application Data"
"62","0.203378977","192.168.1.128","162.125.6.20","TCP","66","35582  >  443 [ACK] Seq=1534 Ack=308 Win=618 Len=0 TSval=3445589948 TSecr=3001461317"
"63","0.262523449","162.125.71.18","192.168.1.128","TCP","74","443  >  51308 [SYN, ACK] Seq=0 Ack=1 Win=65535 Len=0 MSS=1440 SACK_PERM=1 TSval=1882187115 TSecr=3812560343 WS=512"
"64","0.262626748","192.168.1.128","162.125.71.18","TCP","66","51308  >  443 [ACK] Seq=1 Ack=1 Win=64256 Len=0 TSval=3812560496 TSecr=1882187115"
"65","0.262832623","192.168.1.128","162.125.71.18","TCP","66","51308  >  443 [FIN, ACK] Seq=1 Ack=1 Win=64256 Len=0 TSval=3812560496 TSecr=1882187115"
"66","0.264505110","192.168.1.128","192.168.1.9","DNS","97","Standard query 0x2715 A netmon-control.dropbox.com OPT"
"67","0.264819754","192.168.1.128","192.168.1.9","DNS","97","Standard query 0xbe56 AAAA netmon-control.dropbox.com OPT"
"68","0.265827862","192.168.1.9","192.168.1.128","DNS","97","Standard query response 0x2715 No such name A netmon-control.dropbox.com OPT"
"69","0.266046664","192.168.1.128","192.168.1.9","DNS","86","Standard query 0x2715 A netmon-control.dropbox.com"
"70","0.266190860","192.168.1.9","192.168.1.128","DNS","97","Standard query response 0xbe56 No such name AAAA netmon-control.dropbox.com OPT"
"71","0.266403813","192.168.1.128","192.168.1.9","DNS","86","Standard query 0xbe56 AAAA netmon-control.dropbox.com"
"72","0.266855534","192.168.1.128","162.125.6.20","TLSv1.2","200","Application Data"
"73","0.267089892","192.168.1.9","192.168.1.128","DNS","86","Standard query response 0x2715 No such name A netmon-control.dropbox.com"
"74","0.267801172","192.168.1.9","192.168.1.128","DNS","86","Standard query response 0xbe56 No such name AAAA netmon-control.dropbox.com"
"75","0.268851660","192.168.1.128","192.168.1.9","DNS","102","Standard query 0x682e A netmon-control.dropbox.com.ubnt OPT"
"76","0.269120745","192.168.1.128","192.168.1.9","DNS","102","Standard query 0x394b AAAA netmon-control.dropbox.com.ubnt OPT"
"77","0.270764950","192.168.1.9","192.168.1.128","DNS","102","Standard query response 0x682e No such name A netmon-control.dropbox.com.ubnt OPT"
"78","0.270991668","192.168.1.9","192.168.1.128","DNS","102","Standard query response 0x394b No such name AAAA netmon-control.dropbox.com.ubnt OPT"
"79","0.271078757","192.168.1.128","192.168.1.9","DNS","91","Standard query 0x682e A netmon-control.dropbox.com.ubnt"
"80","0.271207518","192.168.1.128","192.168.1.9","DNS","91","Standard query 0x394b AAAA netmon-control.dropbox.com.ubnt"
"81","0.272362844","192.168.1.9","192.168.1.128","DNS","91","Standard query response 0x682e No such name A netmon-control.dropbox.com.ubnt"
"82","0.272567528","192.168.1.9","192.168.1.128","DNS","91","Standard query response 0x394b No such name AAAA netmon-control.dropbox.com.ubnt"
"83","0.274097967","192.168.1.128","162.125.1.18","TCP","74","47892  >  443 [SYN] Seq=0 Win=64240 Len=0 MSS=1460 SACK_PERM=1 TSval=2186343545 TSecr=0 WS=128"
"84","0.285176834","192.168.1.128","192.168.1.171","TCP","176","37658  >  8009 [PSH, ACK] Seq=1 Ack=1 Win=501 Len=110 TSval=603955654 TSecr=4238694310 [TCP segment of a reassembled PDU]"
"85","0.317760251","192.168.1.171","192.168.1.128","TCP","176","8009  >  37658 [PSH, ACK] Seq=1 Ack=111 Win=503 Len=110 TSval=4238699346 TSecr=603955654 [TCP segment of a reassembled PDU]"
"86","0.317852654","192.168.1.128","192.168.1.171","TCP","66","37658  >  8009 [ACK] Seq=111 Ack=111 Win=501 Len=0 TSval=603955687 TSecr=4238699346"
"87","0.321683952","162.125.1.18","192.168.1.128","TCP","74","443  >  47892 [SYN, ACK] Seq=0 Ack=1 Win=65535 Len=0 MSS=1440 SACK_PERM=1 TSval=523718797 TSecr=2186343545 WS=512"
"88","0.321785690","192.168.1.128","162.125.1.18","TCP","66","47892  >  443 [ACK] Seq=1 Ack=1 Win=64256 Len=0 TSval=2186343593 TSecr=523718797"
"89","0.321984059","192.168.1.128","162.125.1.18","TCP","66","47892  >  443 [FIN, ACK] Seq=1 Ack=1 Win=64256 Len=0 TSval=2186343593 TSecr=523718797"
"90","0.323524662","192.168.1.128","192.168.1.9","DNS","97","Standard query 0xb3a5 A netmon-control.dropbox.com OPT"
"91","0.323788758","192.168.1.128","192.168.1.9","DNS","97","Standard query 0x0f53 AAAA netmon-control.dropbox.com OPT"
"92","0.325270185","192.168.1.9","192.168.1.128","DNS","97","Standard query response 0xb3a5 No such name A netmon-control.dropbox.com OPT"
"93","0.325543068","192.168.1.128","192.168.1.9","DNS","86","Standard query 0xb3a5 A netmon-control.dropbox.com"
"94","0.325692806","192.168.1.9","192.168.1.128","DNS","97","Standard query response 0x0f53 No such name AAAA netmon-control.dropbox.com OPT"
"95","0.325948441","192.168.1.128","192.168.1.9","DNS","86","Standard query 0x0f53 AAAA netmon-control.dropbox.com"
"96","0.326964242","192.168.1.9","192.168.1.128","DNS","86","Standard query response 0xb3a5 No such name A netmon-control.dropbox.com"
"97","0.327399498","192.168.1.9","192.168.1.128","DNS","86","Standard query response 0x0f53 No such name AAAA netmon-control.dropbox.com"
"98","0.328236364","192.168.1.128","192.168.1.9","DNS","102","Standard query 0x0299 A netmon-control.dropbox.com.ubnt OPT"
"99","0.328491734","192.168.1.128","192.168.1.9","DNS","102","Standard query 0xe674 AAAA netmon-control.dropbox.com.ubnt OPT"
"100","0.330699548","192.168.1.9","192.168.1.128","DNS","102","Standard query response 0x0299 No such name A netmon-control.dropbox.com.ubnt OPT"
"101","0.330867710","192.168.1.128","192.168.1.9","DNS","91","Standard query 0x0299 A netmon-control.dropbox.com.ubnt"
"102","0.331082373","192.168.1.9","192.168.1.128","DNS","102","Standard query response 0xe674 No such name AAAA netmon-control.dropbox.com.ubnt OPT"
"103","0.331248645","192.168.1.128","192.168.1.9","DNS","91","Standard query 0xe674 AAAA netmon-control.dropbox.com.ubnt"
"104","0.332476510","192.168.1.9","192.168.1.128","DNS","91","Standard query response 0x0299 No such name A netmon-control.dropbox.com.ubnt"
"105","0.334804068","192.168.1.9","192.168.1.128","DNS","91","Standard query response 0xe674 No such name AAAA netmon-control.dropbox.com.ubnt"
"106","0.336374319","192.168.1.128","162.125.81.18","TCP","74","59104  >  443 [SYN] Seq=0 Win=64240 Len=0 MSS=1460 SACK_PERM=1 TSval=273160052 TSecr=0 WS=128"
"107","0.370961200","162.125.1.18","192.168.1.128","TCP","66","443  >  47892 [FIN, ACK] Seq=1 Ack=2 Win=65536 Len=0 TSval=523718845 TSecr=2186343593"
"108","0.371049949","192.168.1.128","162.125.1.18","TCP","66","47892  >  443 [ACK] Seq=2 Ack=2 Win=64256 Len=0 TSval=2186343642 TSecr=523718845"
"109","0.376446248","162.125.6.20","192.168.1.128","TCP","66","443  >  35582 [ACK] Seq=308 Ack=1668 Win=130 Len=0 TSval=3001461490 TSecr=3445590012"
"110","0.376523389","192.168.1.128","162.125.6.20","TLSv1.2","1040","Application Data, Application Data, Application Data"
"111","0.415447769","162.125.71.18","192.168.1.128","TCP","66","443  >  51308 [FIN, ACK] Seq=1 Ack=2 Win=65536 Len=0 TSval=1882187266 TSecr=3812560496"
"112","0.415529877","192.168.1.128","162.125.71.18","TCP","66","51308  >  443 [ACK] Seq=2 Ack=2 Win=64256 Len=0 TSval=3812560649 TSecr=1882187266"
"113","0.442445777","162.125.6.20","192.168.1.128","TCP","66","443  >  35582 [ACK] Seq=308 Ack=2642 Win=130 Len=0 TSval=3001461556 TSecr=3445590122"
"114","0.449247462","162.125.6.20","192.168.1.128","TLSv1.2","192","Application Data"
"115","0.449300788","192.168.1.128","162.125.6.20","TCP","66","35582  >  443 [ACK] Seq=2642 Ack=434 Win=618 Len=0 TSval=3445590194 TSecr=3001461563"
"116","0.450512189","162.125.6.20","192.168.1.128","TLSv1.2","168","Application Data"
"117","0.450548513","192.168.1.128","162.125.6.20","TCP","66","35582  >  443 [ACK] Seq=2642 Ack=536 Win=618 Len=0 TSval=3445590196 TSecr=3001461564"
"118","0.512782094","162.125.81.18","192.168.1.128","TCP","74","443  >  59104 [SYN, ACK] Seq=0 Ack=1 Win=65535 Len=0 MSS=1440 SACK_PERM=1 TSval=2274702703 TSecr=273160052 WS=512"
"119","0.512823355","192.168.1.128","162.125.81.18","TCP","66","59104  >  443 [ACK] Seq=1 Ack=1 Win=64256 Len=0 TSval=273160229 TSecr=2274702703"
"120","0.512880906","192.168.1.128","162.125.81.18","TCP","66","59104  >  443 [FIN, ACK] Seq=1 Ack=1 Win=64256 Len=0 TSval=273160229 TSecr=2274702703"
"121","0.513469561","192.168.1.128","192.168.1.9","DNS","97","Standard query 0x3c5f A netmon-control.dropbox.com OPT"
"122","0.513584798","192.168.1.128","192.168.1.9","DNS","97","Standard query 0xb577 AAAA netmon-control.dropbox.com OPT"
"123","0.514401184","192.168.1.128","162.125.6.20","TLSv1.2","200","Application Data"
"124","0.517060348","192.168.1.9","192.168.1.128","DNS","97","Standard query response 0x3c5f No such name A netmon-control.dropbox.com OPT"
"125","0.517172129","192.168.1.128","192.168.1.9","DNS","86","Standard query 0x3c5f A netmon-control.dropbox.com"
"126","0.517547861","192.168.1.9","192.168.1.128","DNS","97","Standard query response 0xb577 No such name AAAA netmon-control.dropbox.com OPT"
"127","0.517598691","192.168.1.128","192.168.1.9","DNS","86","Standard query 0xb577 AAAA netmon-control.dropbox.com"
"128","0.520859260","192.168.1.9","192.168.1.128","DNS","86","Standard query response 0x3c5f No such name A netmon-control.dropbox.com"
"129","0.521671434","192.168.1.9","192.168.1.128","DNS","86","Standard query response 0xb577 No such name AAAA netmon-control.dropbox.com"
"130","0.521954780","192.168.1.128","192.168.1.9","DNS","102","Standard query 0x5c5e A netmon-control.dropbox.com.ubnt OPT"
"131","0.522040469","192.168.1.128","192.168.1.9","DNS","102","Standard query 0x13c4 AAAA netmon-control.dropbox.com.ubnt OPT"
"132","0.526787204","192.168.1.9","192.168.1.128","DNS","102","Standard query response 0x13c4 No such name AAAA netmon-control.dropbox.com.ubnt OPT"
"133","0.526819544","192.168.1.9","192.168.1.128","DNS","102","Standard query response 0x5c5e No such name A netmon-control.dropbox.com.ubnt OPT"
"134","0.526899821","192.168.1.128","192.168.1.9","DNS","91","Standard query 0x13c4 AAAA netmon-control.dropbox.com.ubnt"
"135","0.526931709","192.168.1.128","192.168.1.9","DNS","91","Standard query 0x5c5e A netmon-control.dropbox.com.ubnt"
"136","0.528861034","192.168.1.9","192.168.1.128","DNS","91","Standard query response 0x13c4 No such name AAAA netmon-control.dropbox.com.ubnt"
"137","0.530909397","192.168.1.9","192.168.1.128","DNS","91","Standard query response 0x5c5e No such name A netmon-control.dropbox.com.ubnt"
"138","0.531391142","192.168.1.128","162.125.7.18","TCP","74","50982  >  443 [SYN] Seq=0 Win=64240 Len=0 MSS=1460 SACK_PERM=1 TSval=36070995 TSecr=0 WS=128"
"139","0.544719574","192.168.1.128","142.250.189.10","TCP","66","53738  >  443 [ACK] Seq=1 Ack=1 Win=501 Len=0 TSval=2135121584 TSecr=4082673727"
"140","0.556364576","142.250.189.10","192.168.1.128","TCP","66","[TCP ACKed unseen segment] 443  >  53738 [ACK] Seq=1 Ack=2 Win=261 Len=0 TSval=4082718781 TSecr=2134939976"
"141","0.556727054","162.125.7.18","192.168.1.128","TCP","74","443  >  50982 [SYN, ACK] Seq=0 Ack=1 Win=65535 Len=0 MSS=1440 SACK_PERM=1 TSval=2025064340 TSecr=36070995 WS=512"
"142","0.556808048","192.168.1.128","162.125.7.18","TCP","66","50982  >  443 [ACK] Seq=1 Ack=1 Win=64256 Len=0 TSval=36071021 TSecr=2025064340"
"143","0.556977600","192.168.1.128","162.125.7.18","TCP","66","50982  >  443 [FIN, ACK] Seq=1 Ack=1 Win=64256 Len=0 TSval=36071021 TSecr=2025064340"
"144","0.558454210","192.168.1.128","192.168.1.9","DNS","97","Standard query 0x015c A netmon-control.dropbox.com OPT"
"145","0.558793882","192.168.1.128","192.168.1.9","DNS","97","Standard query 0x5c69 AAAA netmon-control.dropbox.com OPT"
"146","0.560492296","192.168.1.9","192.168.1.128","DNS","97","Standard query response 0x015c No such name A netmon-control.dropbox.com OPT"
"147","0.560784658","192.168.1.128","192.168.1.9","DNS","86","Standard query 0x015c A netmon-control.dropbox.com"
"148","0.560824293","192.168.1.9","192.168.1.128","DNS","97","Standard query response 0x5c69 No such name AAAA netmon-control.dropbox.com OPT"
"149","0.560986839","192.168.1.128","192.168.1.9","DNS","86","Standard query 0x5c69 AAAA netmon-control.dropbox.com"
"150","0.564146646","192.168.1.9","192.168.1.128","DNS","86","Standard query response 0x015c No such name A netmon-control.dropbox.com"
"151","0.564647851","192.168.1.9","192.168.1.128","DNS","86","Standard query response 0x5c69 No such name AAAA netmon-control.dropbox.com"
"152","0.565463268","192.168.1.128","192.168.1.9","DNS","102","Standard query 0xe30b A netmon-control.dropbox.com.ubnt OPT"
"153","0.565696473","192.168.1.128","192.168.1.9","DNS","102","Standard query 0x712a AAAA netmon-control.dropbox.com.ubnt OPT"
"154","0.568372468","192.168.1.9","192.168.1.128","DNS","102","Standard query response 0xe30b No such name A netmon-control.dropbox.com.ubnt OPT"
"155","0.568569243","192.168.1.128","192.168.1.9","DNS","91","Standard query 0xe30b A netmon-control.dropbox.com.ubnt"
"156","0.569046758","192.168.1.9","192.168.1.128","DNS","102","Standard query response 0x712a No such name AAAA netmon-control.dropbox.com.ubnt OPT"
"157","0.569228704","192.168.1.128","192.168.1.9","DNS","91","Standard query 0x712a AAAA netmon-control.dropbox.com.ubnt"
"158","0.571912111","192.168.1.9","192.168.1.128","DNS","91","Standard query response 0xe30b No such name A netmon-control.dropbox.com.ubnt"
"159","0.572430767","192.168.1.9","192.168.1.128","DNS","91","Standard query response 0x712a No such name AAAA netmon-control.dropbox.com.ubnt"
"160","0.573552475","192.168.1.128","162.125.83.18","TCP","74","59108  >  443 [SYN] Seq=0 Win=64240 Len=0 MSS=1460 SACK_PERM=1 TSval=650923199 TSecr=0 WS=128"
"161","0.580990343","162.125.6.20","192.168.1.128","TCP","66","443  >  35582 [ACK] Seq=536 Ack=2776 Win=130 Len=0 TSval=3001461695 TSecr=3445590259"
"162","0.581033076","192.168.1.128","162.125.6.20","TLSv1.2","1045","Application Data, Application Data, Application Data"
"163","0.586839788","162.125.7.18","192.168.1.128","TCP","66","443  >  50982 [FIN, ACK] Seq=1 Ack=2 Win=65536 Len=0 TSval=2025064368 TSecr=36071021"
"164","0.586874315","192.168.1.128","162.125.7.18","TCP","66","50982  >  443 [ACK] Seq=2 Ack=2 Win=64256 Len=0 TSval=36071051 TSecr=2025064368"
"165","0.647372731","162.125.6.20","192.168.1.128","TCP","66","443  >  35582 [ACK] Seq=536 Ack=3755 Win=130 Len=0 TSval=3001461760 TSecr=3445590326"
"166","0.654623553","162.125.6.20","192.168.1.128","TLSv1.2","168","Application Data"
"167","0.654694664","192.168.1.128","162.125.6.20","TCP","66","35582  >  443 [ACK] Seq=3755 Ack=638 Win=618 Len=0 TSval=3445590400 TSecr=3001461768"
"168","0.657774163","162.125.6.20","192.168.1.128","TLSv1.2","168","Application Data"
"169","0.657829047","192.168.1.128","162.125.6.20","TCP","66","35582  >  443 [ACK] Seq=3755 Ack=740 Win=618 Len=0 TSval=3445590403 TSecr=3001461771"
"170","0.688613458","162.125.81.18","192.168.1.128","TCP","66","443  >  59104 [FIN, ACK] Seq=1 Ack=2 Win=65536 Len=0 TSval=2274702880 TSecr=273160229"
"171","0.688716048","192.168.1.128","162.125.81.18","TCP","66","59104  >  443 [ACK] Seq=2 Ack=2 Win=64256 Len=0 TSval=273160405 TSecr=2274702880"
"172","0.733523921","192.168.1.128","192.168.1.76","TLSv1.2","176","Application Data"
"173","0.735450667","192.168.1.76","192.168.1.128","TLSv1.2","176","Application Data"
"174","0.735549185","192.168.1.128","192.168.1.76","TCP","66","35940  >  32102 [ACK] Seq=111 Ack=111 Win=501 Len=0 TSval=2352764195 TSecr=1410386"
"175","0.739561433","162.125.83.18","192.168.1.128","TCP","74","443  >  59108 [SYN, ACK] Seq=0 Ack=1 Win=65535 Len=0 MSS=1440 SACK_PERM=1 TSval=330548332 TSecr=650923199 WS=512"
"176","0.739673897","192.168.1.128","162.125.83.18","TCP","66","59108  >  443 [ACK] Seq=1 Ack=1 Win=64256 Len=0 TSval=650923365 TSecr=330548332"
"177","0.739854609","192.168.1.128","162.125.83.18","TCP","66","59108  >  443 [FIN, ACK] Seq=1 Ack=1 Win=64256 Len=0 TSval=650923365 TSecr=330548332"
"178","0.741334085","192.168.1.128","192.168.1.9","DNS","97","Standard query 0x4346 A netmon-control.dropbox.com OPT"
"179","0.741664938","192.168.1.128","192.168.1.9","DNS","97","Standard query 0xcd6a AAAA netmon-control.dropbox.com OPT"
"180","0.743105504","192.168.1.9","192.168.1.128","DNS","97","Standard query response 0x4346 No such name A netmon-control.dropbox.com OPT"
"181","0.743316692","192.168.1.128","192.168.1.9","DNS","86","Standard query 0x4346 A netmon-control.dropbox.com"
"182","0.743537169","192.168.1.9","192.168.1.128","DNS","97","Standard query response 0xcd6a No such name AAAA netmon-control.dropbox.com OPT"
"183","0.743749291","192.168.1.128","192.168.1.9","DNS","86","Standard query 0xcd6a AAAA netmon-control.dropbox.com"
"184","0.744509322","192.168.1.128","162.125.6.20","TLSv1.2","200","Application Data"
"185","0.744931804","192.168.1.9","192.168.1.128","DNS","86","Standard query response 0x4346 No such name A netmon-control.dropbox.com"
"186","0.745622547","192.168.1.9","192.168.1.128","DNS","86","Standard query response 0xcd6a No such name AAAA netmon-control.dropbox.com"
"187","0.746467021","192.168.1.128","192.168.1.9","DNS","102","Standard query 0x1f69 A netmon-control.dropbox.com.ubnt OPT"
"188","0.746709731","192.168.1.128","192.168.1.9","DNS","102","Standard query 0xf5cd AAAA netmon-control.dropbox.com.ubnt OPT"
"189","0.749590606","192.168.1.9","192.168.1.128","DNS","102","Standard query response 0x1f69 No such name A netmon-control.dropbox.com.ubnt OPT"
"190","0.749732135","192.168.1.9","192.168.1.128","DNS","102","Standard query response 0xf5cd No such name AAAA netmon-control.dropbox.com.ubnt OPT"
"191","0.749809484","192.168.1.128","192.168.1.9","DNS","91","Standard query 0x1f69 A netmon-control.dropbox.com.ubnt"
"192","0.749910273","192.168.1.128","192.168.1.9","DNS","91","Standard query 0xf5cd AAAA netmon-control.dropbox.com.ubnt"
"193","0.751283855","192.168.1.9","192.168.1.128","DNS","91","Standard query response 0x1f69 No such name A netmon-control.dropbox.com.ubnt"
"194","0.751742606","192.168.1.9","192.168.1.128","DNS","91","Standard query response 0xf5cd No such name AAAA netmon-control.dropbox.com.ubnt"
"195","0.753226349","192.168.1.128","162.125.72.18","TCP","74","60004  >  443 [SYN] Seq=0 Win=64240 Len=0 MSS=1460 SACK_PERM=1 TSval=2260336044 TSecr=0 WS=128"
"196","0.805577844","192.168.1.128","192.168.1.240","TLSv1.2","176","Application Data"
"197","0.808655357","192.168.1.240","192.168.1.128","TLSv1.2","176","Application Data"
"198","0.808761440","192.168.1.128","192.168.1.240","TCP","66","50294  >  32207 [ACK] Seq=111 Ack=111 Win=501 Len=0 TSval=1124285330 TSecr=2992495848"
"199","0.810447574","162.125.6.20","192.168.1.128","TCP","66","443  >  35582 [ACK] Seq=740 Ack=3889 Win=130 Len=0 TSval=3001461923 TSecr=3445590490"
"200","0.810523123","192.168.1.128","162.125.6.20","TLSv1.2","488","Application Data"
"201","0.877295474","162.125.6.20","192.168.1.128","TCP","66","443  >  35582 [ACK] Seq=740 Ack=4311 Win=130 Len=0 TSval=3001461991 TSecr=3445590556"
"202","0.885382395","162.125.6.20","192.168.1.128","TLSv1.2","168","Application Data"
"203","0.885451121","192.168.1.128","162.125.6.20","TCP","66","35582  >  443 [ACK] Seq=4311 Ack=842 Win=618 Len=0 TSval=3445590631 TSecr=3001461999"
"204","0.907516044","162.125.83.18","192.168.1.128","TCP","66","443  >  59108 [FIN, ACK] Seq=1 Ack=2 Win=65536 Len=0 TSval=330548500 TSecr=650923365"
"205","0.907608815","192.168.1.128","162.125.83.18","TCP","66","59108  >  443 [ACK] Seq=2 Ack=2 Win=64256 Len=0 TSval=650923533 TSecr=330548500"
"206","0.909777532","192.168.1.128","192.168.1.126","TCP","176","41680  >  8009 [PSH, ACK] Seq=1 Ack=1 Win=501 Len=110 TSval=1673550812 TSecr=2059703 [TCP segment of a reassembled PDU]"
"207","0.929727978","192.168.1.126","192.168.1.128","TCP","176","8009  >  41680 [PSH, ACK] Seq=1 Ack=111 Win=503 Len=110 TSval=2060203 TSecr=1673550812 [TCP segment of a reassembled PDU]"
"208","0.929816724","192.168.1.128","192.168.1.126","TCP","66","41680  >  8009 [ACK] Seq=111 Ack=111 Win=501 Len=0 TSval=1673550832 TSecr=2060203"
"209","0.931210494","162.125.72.18","192.168.1.128","TCP","74","443  >  60004 [SYN, ACK] Seq=0 Ack=1 Win=65535 Len=0 MSS=1440 SACK_PERM=1 TSval=879291447 TSecr=2260336044 WS=512"
"210","0.931292573","192.168.1.128","162.125.72.18","TCP","66","60004  >  443 [ACK] Seq=1 Ack=1 Win=64256 Len=0 TSval=2260336222 TSecr=879291447"
"211","0.931485011","192.168.1.128","162.125.72.18","TCP","66","60004  >  443 [FIN, ACK] Seq=1 Ack=1 Win=64256 Len=0 TSval=2260336223 TSecr=879291447"
"212","0.933165848","192.168.1.128","192.168.1.9","DNS","97","Standard query 0xb7e4 A netmon-control.dropbox.com OPT"
"213","0.933484258","192.168.1.128","192.168.1.9","DNS","97","Standard query 0xe129 AAAA netmon-control.dropbox.com OPT"
"214","0.935354857","192.168.1.128","162.125.6.20","TLSv1.2","200","Application Data"
"215","0.935477417","192.168.1.9","192.168.1.128","DNS","97","Standard query response 0xb7e4 No such name A netmon-control.dropbox.com OPT"
"216","0.935703983","192.168.1.128","192.168.1.9","DNS","86","Standard query 0xb7e4 A netmon-control.dropbox.com"
"217","0.937386997","192.168.1.9","192.168.1.128","DNS","97","Standard query response 0xe129 No such name AAAA netmon-control.dropbox.com OPT"
"218","0.937692973","192.168.1.128","192.168.1.9","DNS","86","Standard query 0xe129 AAAA netmon-control.dropbox.com"
"219","0.937806456","192.168.1.9","192.168.1.128","DNS","86","Standard query response 0xb7e4 No such name A netmon-control.dropbox.com"
"220","0.941410146","192.168.1.9","192.168.1.128","DNS","86","Standard query response 0xe129 No such name AAAA netmon-control.dropbox.com"
"221","0.942451419","192.168.1.128","192.168.1.9","DNS","102","Standard query 0x1d5c A netmon-control.dropbox.com.ubnt OPT"
"222","0.942728806","192.168.1.128","192.168.1.9","DNS","102","Standard query 0x66bd AAAA netmon-control.dropbox.com.ubnt OPT"
"223","0.944130359","192.168.1.9","192.168.1.128","DNS","102","Standard query response 0x1d5c No such name A netmon-control.dropbox.com.ubnt OPT"
"224","0.944400774","192.168.1.128","192.168.1.9","DNS","91","Standard query 0x1d5c A netmon-control.dropbox.com.ubnt"
"225","0.944639468","192.168.1.9","192.168.1.128","DNS","102","Standard query response 0x66bd No such name AAAA netmon-control.dropbox.com.ubnt OPT"
"226","0.944857879","192.168.1.128","192.168.1.9","DNS","91","Standard query 0x66bd AAAA netmon-control.dropbox.com.ubnt"
"227","0.946534309","192.168.1.9","192.168.1.128","DNS","91","Standard query response 0x1d5c No such name A netmon-control.dropbox.com.ubnt"
"228","0.946876210","192.168.1.9","192.168.1.128","DNS","91","Standard query response 0x66bd No such name AAAA netmon-control.dropbox.com.ubnt"
"229","0.948276415","192.168.1.128","162.125.85.18","TCP","74","47060  >  443 [SYN] Seq=0 Win=64240 Len=0 MSS=1460 SACK_PERM=1 TSval=380928203 TSecr=0 WS=128"
"230","1.044079489","162.125.6.20","192.168.1.128","TCP","66","443  >  35582 [ACK] Seq=842 Ack=4445 Win=130 Len=0 TSval=3001462158 TSecr=3445590680"
"231","1.044154050","192.168.1.128","162.125.6.20","TLSv1.2","488","Application Data"
"232","1.105636628","162.125.85.18","192.168.1.128","TCP","74","443  >  47060 [SYN, ACK] Seq=0 Ack=1 Win=65535 Len=0 MSS=1440 SACK_PERM=1 TSval=2912827792 TSecr=380928203 WS=512"
"233","1.105731063","192.168.1.128","162.125.85.18","TCP","66","47060  >  443 [ACK] Seq=1 Ack=1 Win=64256 Len=0 TSval=380928361 TSecr=2912827792"
"234","1.105924078","192.168.1.128","162.125.85.18","TCP","66","47060  >  443 [FIN, ACK] Seq=1 Ack=1 Win=64256 Len=0 TSval=380928361 TSecr=2912827792"
"235","1.107387832","192.168.1.128","192.168.1.9","DNS","97","Standard query 0xdfe1 A netmon-control.dropbox.com OPT"
"236","1.107646491","192.168.1.128","192.168.1.9","DNS","97","Standard query 0x78bc AAAA netmon-control.dropbox.com OPT"
"237","1.109281166","192.168.1.9","192.168.1.128","DNS","97","Standard query response 0xdfe1 No such name A netmon-control.dropbox.com OPT"
"238","1.109491398","192.168.1.128","192.168.1.9","DNS","86","Standard query 0xdfe1 A netmon-control.dropbox.com"
"239","1.109720794","162.125.6.20","192.168.1.128","TCP","66","443  >  35582 [ACK] Seq=842 Ack=4867 Win=130 Len=0 TSval=3001462223 TSecr=3445590789"
"240","1.109761742","192.168.1.128","162.125.6.20","TLSv1.2","620","Application Data, Application Data"
"241","1.110203206","192.168.1.9","192.168.1.128","DNS","97","Standard query response 0x78bc No such name AAAA netmon-control.dropbox.com OPT"
"242","1.110532933","192.168.1.128","192.168.1.9","DNS","86","Standard query 0x78bc AAAA netmon-control.dropbox.com"
"243","1.111296737","162.125.72.18","192.168.1.128","TCP","66","443  >  60004 [FIN, ACK] Seq=1 Ack=2 Win=65536 Len=0 TSval=879291627 TSecr=2260336223"
"244","1.111375721","192.168.1.128","162.125.72.18","TCP","66","60004  >  443 [ACK] Seq=2 Ack=2 Win=64256 Len=0 TSval=2260336402 TSecr=879291627"
"245","1.111752930","192.168.1.9","192.168.1.128","DNS","86","Standard query response 0xdfe1 No such name A netmon-control.dropbox.com"
"246","1.112781050","192.168.1.9","192.168.1.128","DNS","86","Standard query response 0x78bc No such name AAAA netmon-control.dropbox.com"
"247","1.113701221","192.168.1.128","192.168.1.9","DNS","102","Standard query 0x0382 A netmon-control.dropbox.com.ubnt OPT"
"248","1.113974499","192.168.1.128","192.168.1.9","DNS","102","Standard query 0x2481 AAAA netmon-control.dropbox.com.ubnt OPT"
"249","1.115455374","162.125.6.20","192.168.1.128","TLSv1.2","168","Application Data"
"250","1.115652326","192.168.1.9","192.168.1.128","DNS","102","Standard query response 0x0382 No such name A netmon-control.dropbox.com.ubnt OPT"
"251","1.115740590","192.168.1.128","162.125.6.20","TCP","66","35582  >  443 [ACK] Seq=5421 Ack=944 Win=618 Len=0 TSval=3445590861 TSecr=3001462229"
"252","1.115937681","192.168.1.128","192.168.1.9","DNS","91","Standard query 0x0382 A netmon-control.dropbox.com.ubnt"
"253","1.116134671","192.168.1.9","192.168.1.128","DNS","102","Standard query response 0x2481 No such name AAAA netmon-control.dropbox.com.ubnt OPT"
"254","1.116324609","192.168.1.128","192.168.1.9","DNS","91","Standard query 0x2481 AAAA netmon-control.dropbox.com.ubnt"
"255","1.117502133","192.168.1.9","192.168.1.128","DNS","91","Standard query response 0x0382 No such name A netmon-control.dropbox.com.ubnt"
"256","1.119677403","192.168.1.9","192.168.1.128","DNS","91","Standard query response 0x2481 No such name AAAA netmon-control.dropbox.com.ubnt"
"257","1.122816383","192.168.1.128","162.125.2.18","TCP","74","41792  >  443 [SYN] Seq=0 Win=64240 Len=0 MSS=1460 SACK_PERM=1 TSval=1085451627 TSecr=0 WS=128"
"258","1.139385533","162.125.2.18","192.168.1.128","TCP","74","443  >  41792 [SYN, ACK] Seq=0 Ack=1 Win=65535 Len=0 MSS=1440 SACK_PERM=1 TSval=129968994 TSecr=1085451627 WS=512"
"259","1.139489496","192.168.1.128","162.125.2.18","TCP","66","41792  >  443 [ACK] Seq=1 Ack=1 Win=64256 Len=0 TSval=1085451644 TSecr=129968994"
"260","1.139687010","192.168.1.128","162.125.2.18","TCP","66","41792  >  443 [FIN, ACK] Seq=1 Ack=1 Win=64256 Len=0 TSval=1085451644 TSecr=129968994"
"261","1.141368231","192.168.1.128","192.168.1.9","DNS","97","Standard query 0x8ef0 A netmon-control.dropbox.com OPT"
"262","1.141642500","192.168.1.128","192.168.1.9","DNS","97","Standard query 0xd786 AAAA netmon-control.dropbox.com OPT"
"263","1.143057812","192.168.1.9","192.168.1.128","DNS","97","Standard query response 0x8ef0 No such name A netmon-control.dropbox.com OPT"
"264","1.143267000","192.168.1.128","192.168.1.9","DNS","86","Standard query 0x8ef0 A netmon-control.dropbox.com"
"265","1.143495514","192.168.1.9","192.168.1.128","DNS","97","Standard query response 0xd786 No such name AAAA netmon-control.dropbox.com OPT"
"266","1.143704053","192.168.1.128","192.168.1.9","DNS","86","Standard query 0xd786 AAAA netmon-control.dropbox.com"
"267","1.144900116","192.168.1.9","192.168.1.128","DNS","86","Standard query response 0x8ef0 No such name A netmon-control.dropbox.com"
"268","1.145373535","192.168.1.9","192.168.1.128","DNS","86","Standard query response 0xd786 No such name AAAA netmon-control.dropbox.com"
"269","1.146206953","192.168.1.128","192.168.1.9","DNS","102","Standard query 0xde4d A netmon-control.dropbox.com.ubnt OPT"
"270","1.146462939","192.168.1.128","192.168.1.9","DNS","102","Standard query 0xc9e9 AAAA netmon-control.dropbox.com.ubnt OPT"
"271","1.148459223","192.168.1.9","192.168.1.128","DNS","102","Standard query response 0xde4d No such name A netmon-control.dropbox.com.ubnt OPT"
"272","1.148702599","192.168.1.128","192.168.1.9","DNS","91","Standard query 0xde4d A netmon-control.dropbox.com.ubnt"
"273","1.148925718","192.168.1.9","192.168.1.128","DNS","102","Standard query response 0xc9e9 No such name AAAA netmon-control.dropbox.com.ubnt OPT"
"274","1.149135928","192.168.1.128","192.168.1.9","DNS","91","Standard query 0xc9e9 AAAA netmon-control.dropbox.com.ubnt"
"275","1.150267468","192.168.1.9","192.168.1.128","DNS","91","Standard query response 0xde4d No such name A netmon-control.dropbox.com.ubnt"
"276","1.152386583","192.168.1.9","192.168.1.128","DNS","91","Standard query response 0xc9e9 No such name AAAA netmon-control.dropbox.com.ubnt"
"277","1.154413567","192.168.1.128","192.168.1.9","DNS","103","Standard query 0x0721 A www.traffic-test.dropbox-dns.com OPT"
"278","1.155247406","162.125.2.18","192.168.1.128","TCP","66","443  >  41792 [FIN, ACK] Seq=1 Ack=2 Win=65536 Len=0 TSval=129969010 TSecr=1085451644"
"279","1.155312483","192.168.1.128","162.125.2.18","TCP","66","41792  >  443 [ACK] Seq=2 Ack=2 Win=64256 Len=0 TSval=1085451659 TSecr=129969010"
"280","1.175581187","162.125.6.20","192.168.1.128","TCP","66","443  >  35582 [ACK] Seq=944 Ack=5421 Win=130 Len=0 TSval=3001462289 TSecr=3445590855"
"281","1.175660243","192.168.1.128","162.125.6.20","TLSv1.2","625","Application Data, Application Data"
"282","1.180547616","192.168.1.9","192.168.1.128","DNS","119","Standard query response 0x0721 A www.traffic-test.dropbox-dns.com A 162.125.2.1 OPT"
"283","1.181463759","192.168.1.128","162.125.2.1","TCP","74","54680  >  443 [SYN] Seq=0 Win=64240 Len=0 MSS=1460 SACK_PERM=1 TSval=948631148 TSecr=0 WS=128"
"284","1.185029528","162.125.6.20","192.168.1.128","TLSv1.2","168","Application Data"
"285","1.185296965","192.168.1.128","162.125.6.20","TCP","66","35582  >  443 [ACK] Seq=5980 Ack=1046 Win=618 Len=0 TSval=3445590930 TSecr=3001462299"
"286","1.241015188","162.125.6.20","192.168.1.128","TCP","66","443  >  35582 [ACK] Seq=1046 Ack=5980 Win=130 Len=0 TSval=3001462354 TSecr=3445590921"
"287","1.248821381","162.125.6.20","192.168.1.128","TLSv1.2","168","Application Data"
"288","1.249091248","192.168.1.128","162.125.6.20","TCP","66","35582  >  443 [ACK] Seq=5980 Ack=1148 Win=618 Len=0 TSval=3445590994 TSecr=3001462362"
"289","1.267226202","162.125.85.18","192.168.1.128","TCP","66","443  >  47060 [FIN, ACK] Seq=1 Ack=2 Win=65536 Len=0 TSval=2912827951 TSecr=380928361"
"290","1.267313646","192.168.1.128","162.125.85.18","TCP","66","47060  >  443 [ACK] Seq=2 Ack=2 Win=64256 Len=0 TSval=380928522 TSecr=2912827951"
"291","1.461389547","192.168.1.128","192.168.1.76","TCP","176","36876  >  8009 [PSH, ACK] Seq=1 Ack=1 Win=501 Len=110 TSval=2352764920 TSecr=1409958 [TCP segment of a reassembled PDU]"
"292","1.464962294","192.168.1.76","192.168.1.128","TCP","176","8009  >  36876 [PSH, ACK] Seq=1 Ack=111 Win=503 Len=110 TSval=1410459 TSecr=2352764920 [TCP segment of a reassembled PDU]"
"293","1.465062189","192.168.1.128","192.168.1.76","TCP","66","36876  >  8009 [ACK] Seq=111 Ack=111 Win=501 Len=0 TSval=2352764924 TSecr=1410459"
"294","2.208948328","192.168.1.128","162.125.2.1","TCP","74","[TCP Retransmission] [TCP Port numbers reused] 54680  >  443 [SYN] Seq=0 Win=64240 Len=0 MSS=1460 SACK_PERM=1 TSval=948632175 TSecr=0 WS=128"
"295","3.822721957","Ubiquiti_fe:46:c3","IntelCor_c9:71:fb","ARP","60","Who has 192.168.1.128? Tell 192.168.1.1"
"296","3.822750269","IntelCor_c9:71:fb","Ubiquiti_fe:46:c3","ARP","42","192.168.1.128 is at 90:78:41:c9:71:fb"
"297","3.957446721","192.168.1.128","192.168.1.240","TCP","176","51684  >  8009 [PSH, ACK] Seq=1 Ack=1 Win=501 Len=110 TSval=1124288478 TSecr=2992493992 [TCP segment of a reassembled PDU]"
"298","3.961490673","192.168.1.240","192.168.1.128","TCP","176","8009  >  51684 [PSH, ACK] Seq=1 Ack=111 Win=503 Len=110 TSval=2992499001 TSecr=1124288478 [TCP segment of a reassembled PDU]"
"299","3.961595127","192.168.1.128","192.168.1.240","TCP","66","51684  >  8009 [ACK] Seq=111 Ack=111 Win=501 Len=0 TSval=1124288483 TSecr=2992499001"
"300","4.224834265","192.168.1.128","162.125.2.1","TCP","74","[TCP Retransmission] [TCP Port numbers reused] 54680  >  443 [SYN] Seq=0 Win=64240 Len=0 MSS=1460 SACK_PERM=1 TSval=948634191 TSecr=0 WS=128"
"301","4.269459502","142.250.189.10","192.168.1.128","UDP","120","443  >  58968 Len=78"
"302","4.269662113","142.250.189.10","192.168.1.128","UDP","67","443  >  58968 Len=25"
"303","4.276176199","192.168.1.128","142.250.189.10","UDP","75","58968  >  443 Len=33"
"304","4.278159694","192.168.1.128","142.250.189.10","QUIC","1292","Initial, DCID=f54e9333012195bb, PKN: 1, PING, CRYPTO, CRYPTO, CRYPTO, CRYPTO, CRYPTO, PING, PADDING, PING, CRYPTO, PADDING, PING, PADDING, CRYPTO, PING, PING"
"305","4.278928311","192.168.1.128","142.250.189.10","QUIC","116","0-RTT, DCID=f54e9333012195bb"
"306","4.279368795","192.168.1.128","142.250.189.10","QUIC","532","0-RTT, DCID=f54e9333012195bb"
"307","4.299750667","142.250.189.10","192.168.1.128","QUIC","1292","Protected Payload (KP0)"
"308","4.299969441","142.250.189.10","192.168.1.128","QUIC","824","Protected Payload (KP0)"
"309","4.300424552","142.250.189.10","192.168.1.128","QUIC","258","Protected Payload (KP0)"
"310","4.300424767","142.250.189.10","192.168.1.128","QUIC","67","Protected Payload (KP0)"
"311","4.300977258","192.168.1.128","142.250.189.10","QUIC","121","Handshake, DCID=f54e9333012195bb"
"312","4.301198132","192.168.1.128","142.250.189.10","QUIC","75","Protected Payload (KP0), DCID=f54e9333012195bb"
"313","4.314436421","142.250.189.10","192.168.1.128","QUIC","162","Protected Payload (KP0)"
"314","4.314536564","142.250.189.10","192.168.1.128","QUIC","67","Protected Payload (KP0)"
"315","4.314864044","192.168.1.128","142.250.189.10","QUIC","75","Protected Payload (KP0), DCID=f54e9333012195bb"
"316","4.333879817","142.250.189.10","192.168.1.128","QUIC","336","Protected Payload (KP0)"
"317","4.334009871","142.250.189.10","192.168.1.128","QUIC","67","Protected Payload (KP0)"
"318","4.334472170","192.168.1.128","142.250.189.10","QUIC","77","Protected Payload (KP0), DCID=f54e9333012195bb"
"319","4.339669242","192.168.1.128","142.250.189.10","UDP","537","58968  >  443 Len=495"
"320","4.345356313","142.250.189.10","192.168.1.128","QUIC","67","Protected Payload (KP0)"
"321","4.352769767","142.250.189.10","192.168.1.128","UDP","70","443  >  58968 Len=28"
"322","4.357541465","192.168.1.128","142.250.189.10","UDP","75","58968  >  443 Len=33"
"323","4.365002179","192.168.1.128","142.250.189.10","QUIC","75","Protected Payload (KP0), DCID=f54e9333012195bb"
"324","4.385593003","142.250.189.10","192.168.1.128","UDP","127","443  >  58968 Len=85"
"325","4.386119205","192.168.1.128","142.250.189.10","UDP","78","58968  >  443 Len=36"
"326","4.402767069","142.250.189.10","192.168.1.128","UDP","67","443  >  58968 Len=25"
"327","4.539484921","142.250.189.10","192.168.1.128","UDP","723","443  >  58968 Len=681"
"328","4.539485334","142.250.189.10","192.168.1.128","UDP","67","443  >  58968 Len=25"
"329","4.542767393","192.168.1.128","142.250.189.10","UDP","75","58968  >  443 Len=33"
"330","4.546791558","192.168.1.128","142.250.189.10","QUIC","283","Protected Payload (KP0), DCID=f54e9333012195bb"
"331","4.558621070","142.250.189.10","192.168.1.128","QUIC","69","Protected Payload (KP0)"
"332","4.589398204","192.168.1.128","142.250.189.10","QUIC","75","Protected Payload (KP0), DCID=f54e9333012195bb"
"333","4.593851398","142.250.189.10","192.168.1.128","QUIC","80","Protected Payload (KP0)"
"334","4.594361512","192.168.1.128","142.250.189.10","QUIC","77","Protected Payload (KP0), DCID=f54e9333012195bb"
"335","4.594446517","142.250.189.10","192.168.1.128","QUIC","67","Protected Payload (KP0)"
"336","4.599510466","192.168.1.128","142.250.189.10","UDP","321","58968  >  443 Len=279"
"337","4.612095434","142.250.189.10","192.168.1.128","UDP","70","443  >  58968 Len=28"
"338","4.621438756","192.168.1.128","142.250.189.10","UDP","75","58968  >  443 Len=33"
"339","4.628672635","192.168.1.128","142.250.189.10","QUIC","75","Protected Payload (KP0), DCID=f54e9333012195bb"
"340","4.631293835","142.250.189.10","192.168.1.128","QUIC","67","Protected Payload (KP0)"
"341","4.640758192","192.168.1.128","75.2.53.94","TCP","66","46428  >  443 [ACK] Seq=1 Ack=1 Win=501 Len=0 TSval=1553438476 TSecr=2434417700"
"342","4.640779073","192.168.1.128","142.250.68.78","TCP","66","39344  >  443 [ACK] Seq=1 Ack=1 Win=501 Len=0 TSval=2654690095 TSecr=2899927420"
"343","4.644312762","142.250.189.10","192.168.1.128","UDP","98","443  >  58968 Len=56"
"344","4.644676545","192.168.1.128","142.250.189.10","UDP","78","58968  >  443 Len=36"
"345","4.654233081","142.250.68.78","192.168.1.128","TCP","66","[TCP ACKed unseen segment] 443  >  39344 [ACK] Seq=1 Ack=2 Win=261 Len=0 TSval=2899972474 TSecr=2654509035"
"346","4.659767316","142.250.189.10","192.168.1.128","UDP","67","443  >  58968 Len=25"
"347","4.861566324","192.168.1.128","142.250.189.10","UDP","75","58968  >  443 Len=33"
"348","4.879124997","142.250.189.10","192.168.1.128","UDP","67","443  >  58968 Len=25"
"349","4.917719831","192.168.1.128","192.168.1.228","TCP","176","40648  >  8009 [PSH, ACK] Seq=1 Ack=1 Win=501 Len=110 TSval=1909020987 TSecr=1807364 [TCP segment of a reassembled PDU]"
"350","4.977873903","192.168.1.228","192.168.1.128","TCP","176","8009  >  40648 [PSH, ACK] Seq=1 Ack=111 Win=503 Len=110 TSval=1807872 TSecr=1909020987 [TCP segment of a reassembled PDU]"
"351","4.977960063","192.168.1.128","192.168.1.228","TCP","66","40648  >  8009 [ACK] Seq=111 Ack=111 Win=501 Len=0 TSval=1909021047 TSecr=1807872"
"352","5.028953772","192.168.1.128","192.168.1.240","TLSv1.2","176","Application Data"
"353","5.031360686","192.168.1.240","192.168.1.128","TLSv1.2","176","Application Data"
"354","5.031464720","192.168.1.128","192.168.1.240","TCP","66","48946  >  32029 [ACK] Seq=221 Ack=221 Win=501 Len=0 TSval=1124289552 TSecr=2992500071"
"355","5.085497651","192.168.1.128","142.250.189.10","UDP","75","58968  >  443 Len=33"
"356","5.101492828","142.250.189.10","192.168.1.128","UDP","67","443  >  58968 Len=25"
"357","5.309295095","192.168.1.128","142.250.189.10","UDP","75","58968  >  443 Len=33"
"358","5.324978980","192.168.1.128","192.168.1.171","TCP","176","37658  >  8009 [PSH, ACK] Seq=111 Ack=111 Win=501 Len=110 TSval=603960694 TSecr=4238699346 [TCP segment of a reassembled PDU]"
"359","5.326971966","142.250.189.10","192.168.1.128","UDP","67","443  >  58968 Len=25"
"360","5.330361578","192.168.1.171","192.168.1.128","TCP","176","8009  >  37658 [PSH, ACK] Seq=111 Ack=221 Win=503 Len=110 TSval=4238704355 TSecr=603960694 [TCP segment of a reassembled PDU]"
"361","5.330452054","192.168.1.128","192.168.1.171","TCP","66","37658  >  8009 [ACK] Seq=221 Ack=221 Win=501 Len=0 TSval=603960699 TSecr=4238704355"
"362","5.533674464","192.168.1.128","142.250.189.10","UDP","75","58968  >  443 Len=33"
"363","5.551448865","142.250.189.10","192.168.1.128","UDP","67","443  >  58968 Len=25"
"364","5.665067604","192.168.1.171","224.0.0.251","MDNS","89","Standard query 0x0000 SRV rachio-2a4fbe._hap._tcp.local, ""QM"" question"
"365","5.665641816","fe80::cef4:11ff:feb3:26f5","ff02::fb","MDNS","109","Standard query 0x0000 SRV rachio-2a4fbe._hap._tcp.local, ""QM"" question"
"366","5.741751198","192.168.1.128","192.168.1.76","TLSv1.2","176","Application Data"
"367","5.745705348","192.168.1.76","192.168.1.128","TLSv1.2","176","Application Data"
"368","5.745802390","192.168.1.128","192.168.1.76","TCP","66","35940  >  32102 [ACK] Seq=221 Ack=221 Win=501 Len=0 TSval=2352769205 TSecr=1410887"
"369","5.757652370","192.168.1.128","142.250.189.10","UDP","75","58968  >  443 Len=33"
"370","5.772963053","142.250.189.10","192.168.1.128","UDP","67","443  >  58968 Len=25"
"371","5.813535882","192.168.1.128","192.168.1.240","TLSv1.2","176","Application Data"
"372","5.815645950","192.168.1.240","192.168.1.128","TLSv1.2","176","Application Data"
"373","5.815736019","192.168.1.128","192.168.1.240","TCP","66","50294  >  32207 [ACK] Seq=221 Ack=221 Win=501 Len=0 TSval=1124290337 TSecr=2992500855"
"374","5.934119900","192.168.1.128","192.168.1.126","TCP","176","41680  >  8009 [PSH, ACK] Seq=111 Ack=111 Win=501 Len=110 TSval=1673555836 TSecr=2060203 [TCP segment of a reassembled PDU]"
"375","5.956183062","192.168.1.126","192.168.1.128","TCP","176","8009  >  41680 [PSH, ACK] Seq=111 Ack=221 Win=503 Len=110 TSval=2060706 TSecr=1673555836 [TCP segment of a reassembled PDU]"
"376","5.956293357","192.168.1.128","192.168.1.126","TCP","66","41680  >  8009 [ACK] Seq=221 Ack=221 Win=501 Len=0 TSval=1673555858 TSecr=2060706"
"377","5.972658057","fe80::bad7:afff:fe2a:4fbe","ff02::fb","MDNS","414","Standard query response 0x0000 PTR Rachio-2A4FBE._hap._tcp.local TXT, cache flush SRV, cache flush 0 0 80 WICED-hap-2A4FBE.local A, cache flush 192.168.1.163 AAAA, cache flush fe80::bad7:afff:fe2a:4fbe"
"378","5.981122055","192.168.1.128","142.250.189.10","UDP","75","58968  >  443 Len=33"
"379","5.981381697","fe80::bad7:afff:fe2a:4fbe","ff02::fb","MDNS","414","Standard query response 0x0000 PTR Rachio-2A4FBE._hap._tcp.local TXT, cache flush SRV, cache flush 0 0 80 WICED-hap-2A4FBE.local A, cache flush 192.168.1.163 AAAA, cache flush fe80::bad7:afff:fe2a:4fbe"
"380","5.981380979","192.168.1.163","224.0.0.251","MDNS","394","Standard query response 0x0000 PTR Rachio-2A4FBE._hap._tcp.local TXT, cache flush SRV, cache flush 0 0 80 WICED-hap-2A4FBE.local A, cache flush 192.168.1.163 AAAA, cache flush fe80::bad7:afff:fe2a:4fbe"
"381","5.981381220","192.168.1.163","224.0.0.251","MDNS","394","Standard query response 0x0000 PTR Rachio-2A4FBE._hap._tcp.local TXT, cache flush SRV, cache flush 0 0 80 WICED-hap-2A4FBE.local A, cache flush 192.168.1.163 AAAA, cache flush fe80::bad7:afff:fe2a:4fbe"
"382","5.996952228","142.250.189.10","192.168.1.128","UDP","67","443  >  58968 Len=25"
"383","6.188209161","192.168.1.128","192.168.1.9","DNS","97","Standard query 0x8a70 A netmon-control.dropbox.com OPT"
"384","6.188452759","192.168.1.128","192.168.1.9","DNS","97","Standard query 0x4e16 AAAA netmon-control.dropbox.com OPT"
"385","6.190075469","192.168.1.128","162.125.6.20","TLSv1.2","455","Application Data"
"386","6.192228373","192.168.1.9","192.168.1.128","DNS","97","Standard query response 0x8a70 No such name A netmon-control.dropbox.com OPT"
"387","6.192471828","192.168.1.128","192.168.1.9","DNS","86","Standard query 0x8a70 A netmon-control.dropbox.com"
"388","6.192692187","192.168.1.9","192.168.1.128","DNS","97","Standard query response 0x4e16 No such name AAAA netmon-control.dropbox.com OPT"
"389","6.192865280","192.168.1.128","192.168.1.9","DNS","86","Standard query 0x4e16 AAAA netmon-control.dropbox.com"
"390","6.194292130","192.168.1.9","192.168.1.128","DNS","86","Standard query response 0x8a70 No such name A netmon-control.dropbox.com"
"391","6.194933960","192.168.1.9","192.168.1.128","DNS","86","Standard query response 0x4e16 No such name AAAA netmon-control.dropbox.com"
"392","6.195858285","192.168.1.128","192.168.1.9","DNS","102","Standard query 0x8771 A netmon-control.dropbox.com.ubnt OPT"
"393","6.196126108","192.168.1.128","192.168.1.9","DNS","102","Standard query 0xb248 AAAA netmon-control.dropbox.com.ubnt OPT"
"394","6.197915671","192.168.1.9","192.168.1.128","DNS","102","Standard query response 0x8771 No such name A netmon-control.dropbox.com.ubnt OPT"
"395","6.198224236","192.168.1.128","192.168.1.9","DNS","91","Standard query 0x8771 A netmon-control.dropbox.com.ubnt"
"396","6.199231363","192.168.1.9","192.168.1.128","DNS","102","Standard query response 0xb248 No such name AAAA netmon-control.dropbox.com.ubnt OPT"
"397","6.199457383","192.168.1.128","192.168.1.9","DNS","91","Standard query 0xb248 AAAA netmon-control.dropbox.com.ubnt"
"398","6.200171545","192.168.1.9","192.168.1.128","DNS","91","Standard query response 0x8771 No such name A netmon-control.dropbox.com.ubnt"
"399","6.201649569","192.168.1.9","192.168.1.128","DNS","91","Standard query response 0xb248 No such name AAAA netmon-control.dropbox.com.ubnt"
"400","6.203259066","192.168.1.128","162.125.11.18","TCP","74","35462  >  443 [SYN] Seq=0 Win=64240 Len=0 MSS=1460 SACK_PERM=1 TSval=461423152 TSecr=0 WS=128"
"401","6.265981347","162.125.6.20","192.168.1.128","TLSv1.2","192","Application Data"
"402","6.266076477","192.168.1.128","162.125.6.20","TCP","66","35582  >  443 [ACK] Seq=6369 Ack=1274 Win=618 Len=0 TSval=3445596011 TSecr=3001467378"
"403","6.275268955","162.125.11.18","192.168.1.128","TCP","74","443  >  35462 [SYN, ACK] Seq=0 Ack=1 Win=65535 Len=0 MSS=1440 SACK_PERM=1 TSval=366103417 TSecr=461423152 WS=512"
"404","6.275376953","192.168.1.128","162.125.11.18","TCP","66","35462  >  443 [ACK] Seq=1 Ack=1 Win=64256 Len=0 TSval=461423224 TSecr=366103417"
"405","6.275528549","192.168.1.128","162.125.11.18","TCP","66","35462  >  443 [FIN, ACK] Seq=1 Ack=1 Win=64256 Len=0 TSval=461423225 TSecr=366103417"
"406","6.279777550","192.168.1.128","162.125.6.20","TLSv1.2","200","Application Data"
"407","6.347454586","162.125.11.18","192.168.1.128","TCP","66","443  >  35462 [FIN, ACK] Seq=1 Ack=2 Win=65536 Len=0 TSval=366103489 TSecr=461423225"
"408","6.347579270","192.168.1.128","162.125.11.18","TCP","66","35462  >  443 [ACK] Seq=2 Ack=2 Win=64256 Len=0 TSval=461423297 TSecr=366103489"
"409","6.388669048","162.125.6.20","192.168.1.128","TCP","66","443  >  35582 [ACK] Seq=1274 Ack=6503 Win=130 Len=0 TSval=3001467502 TSecr=3445596025"
"410","6.388760326","192.168.1.128","162.125.6.20","TLSv1.2","486","Application Data"
"411","6.405374673","192.168.1.128","142.250.189.10","UDP","75","58968  >  443 Len=33"
"412","6.421940380","142.250.189.10","192.168.1.128","UDP","67","443  >  58968 Len=25"
"413","6.455363418","162.125.6.20","192.168.1.128","TCP","66","443  >  35582 [ACK] Seq=1274 Ack=6923 Win=130 Len=0 TSval=3001467569 TSecr=3445596134"
"414","6.468400594","162.125.6.20","192.168.1.128","TLSv1.2","168","Application Data"
"415","6.469680941","192.168.1.128","192.168.1.76","TCP","176","36876  >  8009 [PSH, ACK] Seq=111 Ack=111 Win=501 Len=110 TSval=2352769929 TSecr=1410459 [TCP segment of a reassembled PDU]"
"416","6.472481955","192.168.1.76","192.168.1.128","TCP","176","8009  >  36876 [PSH, ACK] Seq=111 Ack=221 Win=503 Len=110 TSval=1410959 TSecr=2352769929 [TCP segment of a reassembled PDU]"
"417","6.472578442","192.168.1.128","192.168.1.76","TCP","66","36876  >  8009 [ACK] Seq=221 Ack=221 Win=501 Len=0 TSval=2352769932 TSecr=1410959"
"418","6.508694041","192.168.1.128","162.125.6.20","TCP","66","35582  >  443 [ACK] Seq=6923 Ack=1376 Win=618 Len=0 TSval=3445596254 TSecr=3001467581"
"419","7.229884892","192.168.1.128","142.250.189.10","UDP","75","58968  >  443 Len=33"
"420","7.248440842","142.250.189.10","192.168.1.128","UDP","67","443  >  58968 Len=25"
"421","7.611669347","162.125.35.134","192.168.1.128","TLSv1.2","184","Application Data"
"422","7.620404369","192.168.1.128","162.125.35.134","TLSv1.2","198","Application Data"
"423","7.648214678","162.125.35.134","192.168.1.128","TCP","66","443  >  45358 [ACK] Seq=119 Ack=133 Win=130 Len=0 TSval=3662239355 TSecr=1236376184"
"424","7.648307570","192.168.1.128","162.125.35.134","TLSv1.2","928","Application Data"
"425","7.675936677","162.125.35.134","192.168.1.128","TCP","66","443  >  45358 [ACK] Seq=119 Ack=995 Win=130 Len=0 TSval=3662239384 TSecr=1236376212"
"426","7.917002039","192.168.1.128","142.250.72.174","UDP","1288","56323  >  443 Len=1246"
"427","7.917146324","192.168.1.128","142.250.72.174","UDP","558","56323  >  443 Len=516"
"428","7.932509727","142.250.72.174","192.168.1.128","UDP","69","443  >  56323 Len=27"
"429","7.946824042","142.250.72.174","192.168.1.128","UDP","720","443  >  56323 Len=678"
"430","7.947174161","142.250.72.174","192.168.1.128","UDP","130","443  >  56323 Len=88"
"431","7.947648636","192.168.1.128","142.250.72.174","UDP","77","56323  >  443 Len=35"
"432","7.981503975","192.168.1.128","142.250.72.174","UDP","75","56323  >  443 Len=33"
"433","7.988260296","142.250.72.174","192.168.1.128","UDP","67","443  >  56323 Len=25"
"434","7.991594306","142.250.72.174","192.168.1.128","UDP","67","443  >  56323 Len=25"
"435","7.992018969","192.168.1.128","142.250.72.174","UDP","75","56323  >  443 Len=33"
"436","8.853158245","192.168.1.128","142.250.189.10","UDP","75","58968  >  443 Len=33"
"437","8.872199241","142.250.189.10","192.168.1.128","UDP","67","443  >  58968 Len=25"
"438","8.965608421","192.168.1.128","192.168.1.240","TCP","176","51684  >  8009 [PSH, ACK] Seq=111 Ack=111 Win=501 Len=110 TSval=1124293487 TSecr=2992499001 [TCP segment of a reassembled PDU]"
"439","8.967860695","192.168.1.240","192.168.1.128","TCP","176","8009  >  51684 [PSH, ACK] Seq=111 Ack=221 Win=503 Len=110 TSval=2992504008 TSecr=1124293487 [TCP segment of a reassembled PDU]"
"440","8.967972022","192.168.1.128","192.168.1.240","TCP","66","51684  >  8009 [ACK] Seq=221 Ack=221 Win=501 Len=0 TSval=1124293489 TSecr=2992504008"
"441","9.981626701","192.168.1.128","192.168.1.228","TCP","176","40648  >  8009 [PSH, ACK] Seq=111 Ack=111 Win=501 Len=110 TSval=1909026051 TSecr=1807872 [TCP segment of a reassembled PDU]"
"442","9.988113381","192.168.1.228","192.168.1.128","TCP","176","8009  >  40648 [PSH, ACK] Seq=111 Ack=221 Win=503 Len=110 TSval=1808374 TSecr=1909026051 [TCP segment of a reassembled PDU]"
"443","9.988202947","192.168.1.128","192.168.1.228","TCP","66","40648  >  8009 [ACK] Seq=221 Ack=221 Win=501 Len=0 TSval=1909026057 TSecr=1808374"
"444","10.037225745","192.168.1.128","192.168.1.240","TLSv1.2","176","Application Data"
"445","10.039383847","192.168.1.240","192.168.1.128","TLSv1.2","176","Application Data"
"446","10.039486580","192.168.1.128","192.168.1.240","TCP","66","48946  >  32029 [ACK] Seq=331 Ack=331 Win=501 Len=0 TSval=1124294561 TSecr=2992505079"
"447","10.333083273","192.168.1.128","192.168.1.171","TCP","176","37658  >  8009 [PSH, ACK] Seq=221 Ack=221 Win=501 Len=110 TSval=603965702 TSecr=4238704355 [TCP segment of a reassembled PDU]"
"448","10.337193806","192.168.1.171","192.168.1.128","TCP","176","8009  >  37658 [PSH, ACK] Seq=221 Ack=331 Win=503 Len=110 TSval=4238709365 TSecr=603965702 [TCP segment of a reassembled PDU]"
"449","10.337284380","192.168.1.128","192.168.1.171","TCP","66","37658  >  8009 [ACK] Seq=331 Ack=331 Win=501 Len=0 TSval=603965706 TSecr=4238709365"
"450","10.580561939","192.168.1.7","224.0.0.251","MDNS","82","Standard query 0x0000 PTR _googlecast._tcp.local, ""QM"" question"
"451","10.582523924","192.168.1.7","224.0.0.251","MDNS","82","Standard query 0x0000 PTR _googlecast._tcp.local, ""QM"" question"
"452","10.582532526","192.168.1.126","224.0.0.251","MDNS","406","Standard query response 0x0000 PTR Chromecast-Ultra-9dae3caaea4f5472348341a88bd7610e._googlecast._tcp.local TXT, cache flush SRV, cache flush 0 0 8009 9dae3caa-ea4f-5472-3483-41a88bd7610e.local A, cache flush 192.168.1.126"
"453","10.582532804","192.168.1.126","224.0.0.251","MDNS","406","Standard query response 0x0000 PTR Chromecast-Ultra-9dae3caaea4f5472348341a88bd7610e._googlecast._tcp.local TXT, cache flush SRV, cache flush 0 0 8009 9dae3caa-ea4f-5472-3483-41a88bd7610e.local A, cache flush 192.168.1.126"
"454","10.749352208","192.168.1.128","192.168.1.76","TLSv1.2","176","Application Data"
"455","10.753181694","192.168.1.76","192.168.1.128","TLSv1.2","176","Application Data"
"456","10.753299466","192.168.1.128","192.168.1.76","TCP","66","35940  >  32102 [ACK] Seq=331 Ack=331 Win=501 Len=0 TSval=2352774212 TSecr=1411387"
"457","10.821324190","192.168.1.128","192.168.1.240","TLSv1.2","176","Application Data"
"458","10.823319598","192.168.1.240","192.168.1.128","TLSv1.2","176","Application Data"
"459","10.823406625","192.168.1.128","192.168.1.240","TCP","66","50294  >  32207 [ACK] Seq=331 Ack=331 Win=501 Len=0 TSval=1124295344 TSecr=2992505863"
"460","10.887987242","192.168.1.171","224.0.0.251","MDNS","411","Standard query response 0x0000 PTR Google-Nest-Mini-13b40e0cef358a153be1b0042de2902d._googlecast._tcp.local TXT, cache flush SRV, cache flush 0 0 8009 13b40e0c-ef35-8a15-3be1-b0042de2902d.local A, cache flush 192.168.1.171"
"461","10.898906872","192.168.1.76","224.0.0.251","MDNS","407","Standard query response 0x0000 PTR Chromecast-Ultra-2647dbe9ef9b93e898aa7c8bf08ff2fd._googlecast._tcp.local TXT, cache flush SRV, cache flush 0 0 8009 2647dbe9-ef9b-93e8-98aa-7c8bf08ff2fd.local A, cache flush 192.168.1.76"
"462","10.898914097","192.168.1.228","224.0.0.251","MDNS","404","Standard query response 0x0000 PTR Chromecast-Ultra-3e83b527d8ac254c0f9a544d143c5f63._googlecast._tcp.local TXT, cache flush SRV, cache flush 0 0 8009 3e83b527-d8ac-254c-0f9a-544d143c5f63.local A, cache flush 192.168.1.228"
"463","10.898914485","192.168.1.228","224.0.0.251","MDNS","404","Standard query response 0x0000 PTR Chromecast-Ultra-3e83b527d8ac254c0f9a544d143c5f63._googlecast._tcp.local TXT, cache flush SRV, cache flush 0 0 8009 3e83b527-d8ac-254c-0f9a-544d143c5f63.local A, cache flush 192.168.1.228"
"464","10.965757361","192.168.1.128","192.168.1.126","TCP","176","41680  >  8009 [PSH, ACK] Seq=221 Ack=221 Win=501 Len=110 TSval=1673560868 TSecr=2060706 [TCP segment of a reassembled PDU]"
"465","10.970105585","192.168.1.126","192.168.1.128","TCP","176","8009  >  41680 [PSH, ACK] Seq=221 Ack=331 Win=503 Len=110 TSval=2061209 TSecr=1673560868 [TCP segment of a reassembled PDU]"
"466","10.970197513","192.168.1.128","192.168.1.126","TCP","66","41680  >  8009 [ACK] Seq=331 Ack=331 Win=501 Len=0 TSval=1673560872 TSecr=2061209"
"467","11.297802990","Raspberr_2d:51:bf","IntelCor_c9:71:fb","ARP","60","Who has 192.168.1.128? Tell 192.168.1.9"
"468","11.297834767","IntelCor_c9:71:fb","Raspberr_2d:51:bf","ARP","42","192.168.1.128 is at 90:78:41:c9:71:fb"
"469","11.477550775","192.168.1.128","192.168.1.76","TCP","176","36876  >  8009 [PSH, ACK] Seq=221 Ack=221 Win=501 Len=110 TSval=2352774937 TSecr=1410959 [TCP segment of a reassembled PDU]"
"470","11.482316783","192.168.1.76","192.168.1.128","TCP","176","8009  >  36876 [PSH, ACK] Seq=221 Ack=331 Win=503 Len=110 TSval=1411460 TSecr=2352774937 [TCP segment of a reassembled PDU]"
"471","11.482372196","192.168.1.128","192.168.1.76","TCP","66","36876  >  8009 [ACK] Seq=331 Ack=331 Win=501 Len=0 TSval=2352774941 TSecr=1411460"
"472","11.809428726","Ubiquiti_76:90:c0","Broadcast","ARP","42","Who has 192.168.1.1? Tell 192.168.1.2"
"473","12.077840938","192.168.1.128","142.250.189.10","UDP","75","58968  >  443 Len=33"
"474","12.096398473","142.250.189.10","192.168.1.128","UDP","67","443  >  58968 Len=25"
"475","13.973840585","192.168.1.128","192.168.1.240","TCP","176","51684  >  8009 [PSH, ACK] Seq=221 Ack=221 Win=501 Len=110 TSval=1124298495 TSecr=2992504008 [TCP segment of a reassembled PDU]"
"476","13.977916135","192.168.1.240","192.168.1.128","TCP","176","8009  >  51684 [PSH, ACK] Seq=221 Ack=331 Win=503 Len=110 TSval=2992509017 TSecr=1124298495 [TCP segment of a reassembled PDU]"
"477","13.978013175","192.168.1.128","192.168.1.240","TCP","66","51684  >  8009 [ACK] Seq=331 Ack=331 Win=501 Len=0 TSval=1124298499 TSecr=2992509017"
"478","14.997930898","192.168.1.128","192.168.1.228","TCP","176","40648  >  8009 [PSH, ACK] Seq=221 Ack=221 Win=501 Len=110 TSval=1909031067 TSecr=1808374 [TCP segment of a reassembled PDU]"
"479","15.002231431","192.168.1.228","192.168.1.128","TCP","176","8009  >  40648 [PSH, ACK] Seq=221 Ack=331 Win=503 Len=110 TSval=1808876 TSecr=1909031067 [TCP segment of a reassembled PDU]"
"480","15.002318638","192.168.1.128","192.168.1.228","TCP","66","40648  >  8009 [ACK] Seq=331 Ack=331 Win=501 Len=0 TSval=1909031071 TSecr=1808876"
"481","15.045776900","192.168.1.128","192.168.1.240","TLSv1.2","176","Application Data"
"482","15.047830173","192.168.1.240","192.168.1.128","TLSv1.2","176","Application Data"
"483","15.047935531","192.168.1.128","192.168.1.240","TCP","66","48946  >  32029 [ACK] Seq=441 Ack=441 Win=501 Len=0 TSval=1124299569 TSecr=2992510087"
"484","15.188759266","192.168.1.240","224.0.0.251","MDNS","94","Standard query 0x0000 SRV hisense 7240x 0909._hap._tcp.local, ""QM"" question"
"485","15.189054623","fe80::f2ef:86ff:fe42:e5ec","ff02::fb","MDNS","114","Standard query 0x0000 SRV hisense 7240x 0909._hap._tcp.local, ""QM"" question"
"486","15.342023885","192.168.1.128","192.168.1.171","TCP","176","37658  >  8009 [PSH, ACK] Seq=331 Ack=331 Win=501 Len=110 TSval=603970711 TSecr=4238709365 [TCP segment of a reassembled PDU]"
"487","15.346491623","192.168.1.171","192.168.1.128","TCP","176","8009  >  37658 [PSH, ACK] Seq=331 Ack=441 Win=503 Len=110 TSval=4238714374 TSecr=603970711 [TCP segment of a reassembled PDU]"
"488","15.346580393","192.168.1.128","192.168.1.171","TCP","66","37658  >  8009 [ACK] Seq=441 Ack=441 Win=501 Len=0 TSval=603970716 TSecr=4238714374"
"489","15.495912437","192.168.1.55","224.0.0.251","MDNS","175","Standard query response 0x0000 SRV, cache flush 0 0 45049 YN0011092293.local A, cache flush 192.168.1.55 NSEC, cache flush YN0011092293.local NSEC, cache flush Hisense 7240X 0909._hap._tcp.local"
"490","15.757221160","192.168.1.128","192.168.1.76","TLSv1.2","176","Application Data"
"491","15.762910797","192.168.1.76","192.168.1.128","TLSv1.2","176","Application Data"
"492","15.763007201","192.168.1.128","192.168.1.76","TCP","66","35940  >  32102 [ACK] Seq=441 Ack=441 Win=501 Len=0 TSval=2352779222 TSecr=1411888"
"493","15.829919514","192.168.1.128","192.168.1.240","TLSv1.2","176","Application Data"
"494","15.832499910","192.168.1.240","192.168.1.128","TLSv1.2","176","Application Data"
"495","15.832631362","192.168.1.128","192.168.1.240","TCP","66","50294  >  32207 [ACK] Seq=441 Ack=441 Win=501 Len=0 TSval=1124300354 TSecr=2992510872"
"496","15.973595583","192.168.1.128","192.168.1.126","TCP","176","41680  >  8009 [PSH, ACK] Seq=331 Ack=331 Win=501 Len=110 TSval=1673565876 TSecr=2061209 [TCP segment of a reassembled PDU]"
"497","15.978262449","192.168.1.126","192.168.1.128","TCP","176","8009  >  41680 [PSH, ACK] Seq=331 Ack=441 Win=503 Len=110 TSval=2061710 TSecr=1673565876 [TCP segment of a reassembled PDU]"
"498","15.978312045","192.168.1.128","192.168.1.126","TCP","66","41680  >  8009 [ACK] Seq=441 Ack=441 Win=501 Len=0 TSval=1673565880 TSecr=2061710"
"499","16.485613866","192.168.1.128","192.168.1.76","TCP","176","36876  >  8009 [PSH, ACK] Seq=331 Ack=331 Win=501 Len=110 TSval=2352779945 TSecr=1411460 [TCP segment of a reassembled PDU]"
"500","16.490087367","192.168.1.76","192.168.1.128","TCP","176","8009  >  36876 [PSH, ACK] Seq=331 Ack=441 Win=503 Len=110 TSval=1411961 TSecr=2352779945 [TCP segment of a reassembled PDU]"
"501","16.490131446","192.168.1.128","192.168.1.76","TCP","66","36876  >  8009 [ACK] Seq=441 Ack=441 Win=501 Len=0 TSval=2352779949 TSecr=1411961"
"502","18.501624639","192.168.1.128","142.250.189.10","UDP","75","58968  >  443 Len=33"
"503","18.519904049","142.250.189.10","192.168.1.128","UDP","67","443  >  58968 Len=25"
"504","18.981629528","192.168.1.128","192.168.1.240","TCP","176","51684  >  8009 [PSH, ACK] Seq=331 Ack=331 Win=501 Len=110 TSval=1124303503 TSecr=2992509017 [TCP segment of a reassembled PDU]"
"505","18.985884888","192.168.1.240","192.168.1.128","TCP","176","8009  >  51684 [PSH, ACK] Seq=331 Ack=441 Win=503 Len=110 TSval=2992514026 TSecr=1124303503 [TCP segment of a reassembled PDU]"
"506","18.985979019","192.168.1.128","192.168.1.240","TCP","66","51684  >  8009 [ACK] Seq=441 Ack=441 Win=501 Len=0 TSval=1124303507 TSecr=2992514026"
